Tamanho da População,Taxa de Cruzamento,Taxa de Mutação,Taxa de Elitismo,Melhor Valor,Média de Valor,Desvio Padrão
50,0.6,0.05,0.1,0,22.3,68.39671044721374
50,1.0,0.05,0.3,0,68.6,97.10118433881225
100,0.8,0.1,0.2,268,92.8,116.334689581397
200,0.6,0.2,0.1,268,149.4,125.36044033107093
200,1.0,0.2,0.3,0,0.0,0.0
